{
    "train/accuracy": [
        0.9887418694226627,
        0.9943868510128073,
        0.9958829833515487,
        0.9965886060503167,
        0.9970183461901679
    ],
    "train/loss": [
        0.031757881002380084,
        0.016584519489638776,
        0.012626707085071607,
        0.010469930457287446,
        0.008491941282000957
    ],
    "val/accuracy": [
        0.9890916808149406,
        0.9794142614601019,
        0.97160441426146,
        0.951358234295416,
        0.989685908319185
    ],
    "val/loss": [
        0.031078452982976148,
        0.0643079896960708,
        0.10004447248889795,
        0.15255177149634908,
        0.042544161444901474
    ],
    "time": [
        1513.3541378974915,
        1488.8583900928497,
        1490.1362762451172,
        1492.8866000175476,
        1504.7308390140533
    ],
    "total_runtime": 7489.966243267059,
    "avg_time_per_epoch": 1497.993248653412
}