{
    "train/accuracy": [
        0.8805375,
        0.934425,
        0.9579208333333333,
        0.7519125,
        0.5020291666666666,
        0.49933333333333335,
        0.49904583333333336,
        0.500475,
        0.49817083333333334,
        0.4996541666666667
    ],
    "train/loss": [
        0.25453063477487303,
        0.16968200119154062,
        0.11417900538797257,
        0.39140767753685357,
        0.6934601677000523,
        0.6933467274069786,
        0.693309048384428,
        0.6932682411253452,
        0.6932746909618378,
        0.6932393457055092
    ],
    "val/accuracy": [
        0.9447333333333333,
        0.9555333333333333,
        0.957,
        0.5002,
        0.5,
        0.5,
        0.5,
        0.5,
        0.5,
        0.5
    ],
    "val/loss": [
        0.13841115373075008,
        0.12068650621175767,
        0.1015333684856072,
        0.6931623925209045,
        0.6931475651741028,
        0.6931753950119018,
        0.69315703125,
        0.6931527324676514,
        0.6931482463359833,
        0.6931536386013031
    ],
    "time": [
        1762.896511554718,
        1764.8902099132538,
        1765.8684694766998,
        1753.7781517505646,
        1755.5638077259064,
        1757.3166944980621,
        1757.286184310913,
        1754.81902551651,
        1754.5947666168213,
        1754.5140600204468
    ],
    "total_runtime": 17581.527881383896,
    "avg_time_per_epoch": 1758.1527881383895
}