{
    "train/accuracy": [
        0.8966978979871184,
        0.9452001740182294,
        0.952792249822268,
        0.9560073427204142,
        0.9596362594569358,
        0.9607822331632058,
        0.9624269176490562,
        0.9637108326347845,
        0.9644748151056312,
        0.9655624290398226
    ],
    "train/loss": [
        0.25514377174188474,
        0.14700673151354426,
        0.1275076129310226,
        0.11819932816274957,
        0.11002907900919252,
        0.10701565253120576,
        0.10140643355300753,
        0.09967523234467507,
        0.09583222972619448,
        0.09272934754472865
    ],
    "val/accuracy": [
        0.8508064516129032,
        0.8404499151103565,
        0.8557724957555178,
        0.8706706281833616,
        0.8707130730050934,
        0.8725382003395585,
        0.864006791171477,
        0.8697792869269949,
        0.8384974533106961,
        0.8713921901528013
    ],
    "val/loss": [
        0.4062479375293937,
        0.45537230899756703,
        0.41912918047242637,
        0.3751553743155847,
        0.4121719382852727,
        0.39282044352321605,
        0.4327220042993541,
        0.3916915024731922,
        0.5085513616806127,
        0.4161561535997079
    ],
    "time": [
        1779.4152100086212,
        1757.4794874191284,
        1761.9138231277466,
        1758.8564655780792,
        1759.0040047168732,
        1754.4146251678467,
        1749.079036474228,
        1753.793532371521,
        1754.0664875507355,
        1760.3358070850372
    ],
    "total_runtime": 17588.358479499817,
    "avg_time_per_epoch": 1758.8358479499816
}