{
    "train/accuracy": [
        0.9904833333333334,
        0.9952125,
        0.9964583333333333,
        0.9970583333333334,
        0.9973708333333333,
        0.99775,
        0.9981125,
        0.9981875,
        0.9983708333333333,
        0.9985041666666666
    ],
    "train/loss": [
        0.027380607674655038,
        0.013847284141772252,
        0.010486887983876841,
        0.008596838929262777,
        0.00794076644667266,
        0.006942672920601763,
        0.005955886935153876,
        0.005649811006853907,
        0.004779847972876405,
        0.0047276247241047255
    ],
    "val/accuracy": [
        0.9763333333333334,
        0.9574666666666667,
        0.9600666666666666,
        0.9878,
        0.9939666666666667,
        0.9887666666666667,
        0.9949,
        0.9847333333333333,
        0.9960666666666667,
        0.9941666666666666
    ],
    "val/loss": [
        0.06668838936685934,
        0.1718326032725221,
        0.1384186886792013,
        0.05329223411387211,
        0.022926441063749373,
        0.030167672974051676,
        0.019362959189689718,
        0.0692565602240269,
        0.01223825786240195,
        0.019050773672867217
    ],
    "time": [
        1767.7071297168732,
        1757.1445727348328,
        1761.7277474403381,
        1770.162796497345,
        1769.2891879081726,
        1756.708289384842,
        1769.9020924568176,
        1760.964855670929,
        1772.9885890483856,
        1760.6315515041351
    ],
    "total_runtime": 17647.22681236267,
    "avg_time_per_epoch": 1764.7226812362671
}